item1,item2,item3
白銀,虚の記憶,虎狼来
ドラマツルギー,LEO,藍才
トーキョーゲットー,レーゾンデートル,藍才
トーキョーゲットー,よるのゆめ,feel like
群青讃歌,虎狼来,蒼のワルツ
花嵐,虎狼来,心海
アウトサイダー,花星,デーモンダンストーキョー
いのちの食べ方,あの娘シークレット,ラストダンス
ファイトソング,逃避行,藍才
アウトサイダー,黄金の日々,キャラバン
あの娘シークレット,メルファクトリー,約束
デーモンダンストーキョー,逃避行,退屈を再演しないで
花星,Midnight Runway,心海
廻廻奇譚,夜は仄か,ふりをした。
バウムクーヘンエンド,朝が降る,宵の明星
迷い子,黄金の日々,ティーンエイジブルー
ラストダンス,いのちの食べ方,LEO
ナンセンス文学,Round Robin,lazy cat
君に世界,ぼくらの,巻物語
朝が降る,ホームシック,ふりをした。
アウトサイダー,白雪,インソムニア
ナンセンス文学,ドラマツルギー,群青讃歌
デーモンダンストーキョー,お気に召すまま,夜は仄か
虎狼来,Midnight Runway,さよならエンドロール
やどりぎ,トーキョーゲットー,夜は仄か
楓,あの娘シークレット,バウムクーヘンエンド
心海,Byme,インソムニア
虎狼来,花星,デーモンダンストーキョー
キャラバン,黄金の日々,羊を数えて
ティーンエイジブルー,ファイトソング,逃避行
アウトサイダー,羊を数えて,どうしようもないくらいに君が好き
虎狼来,デーモンダンストーキョー,逃避行
羊を数えて,心予報,退屈を再演しないで
迷い子,心海,藍才
杪夏,逃避行,デーモンダンストーキョー
ドラマツルギー,心海,羊を数えて
黄金の日々,お気に召すまま,楓
花星,群青讃歌,君に世界
アウトサイダー,藍才,花嵐
アウトサイダー,ティーンエイジブルー,Bubble feat.Uta
バウムクーヘンエンド,杪夏,逃避行
白雪,群青讃歌,遊生夢死
黄金の日々,楓,逃避行
虎狼来,逃避行,バウムクーヘンエンド
ティーンエイジブルー,黄金の日々,心海
sister,会心劇,デーモンダンストーキョー
デーモンダンストーキョー,杪夏,闇夜
暴徒,約束,キャラバン
キャラバン,Bubble feat.Uta,暴徒
君に世界,ゴーストアベニュー,逃避行
花嵐,バウムクーヘンエンド,お気に召すまま
ドラマツルギー,アウトサイダー,ファイトソング
迷い子,心海,お気に召すまま
トーキョーゲットー,feel like,ゴーストアベニュー
黄金の日々,いのちの食べ方,虚の記憶
会心劇,ふりをした。,楓
藍才,インソムニア,約束
ファイトソング,花嵐,遊生夢死
ドラマツルギー,デーモンダンストーキョー,ナンセンス文学
心予報,退屈を再演しないで,冒険録
やどりぎ,アンビバレント,Byme
sister,会心劇,遊生夢死
フラットウッズのモンスターみたいに,ラストダンス,バウムクーヘンエンド
夢に逢えたら,夜は仄か,デーモンダンストーキョー
黄金の日々,花嵐,ぼくらの
sister,デーモンダンストーキョー,退屈を再演しないで
ファイトソング,キャラバン,Bubble feat.Uta
いのちの食べ方,ラストダンス,ファイトソング
闇夜,君に世界,朝が降る
トーキョーゲットー,夜は仄か,廻人
ファイトソング,遊生夢死,虎狼来
ドラマツルギー,レーゾンデートル,アウトサイダー
ファイトソング,花星,いのちの食べ方
ティーンエイジブルー,心予報,ファイトソング
いのちの食べ方,ファイトソング,廻廻奇譚
ラストダンス,楓,逃避行
群青讃歌,虎狼来,いのちの食べ方
ドラマツルギー,トーキョーゲットー,闇夜
花嵐,アヴァン,逃避行
Bubble feat.Uta,楓,キャラバン
デーモンダンストーキョー,ホームシック,胡乱な食卓
黄金の日々,バウムクーヘンエンド,YOKU
宵の明星,ふりをした。,羊を数えて
アウトサイダー,ティーンエイジブルー,ぼくらの
虚の記憶,さよならエンドロール,群青讃歌
ナンセンス文学,ドラマツルギー,群青讃歌
暴徒,暴徒,暴徒
心海,sister,インソムニア
いのちの食べ方,レーゾンデートル,心海
レーゾンデートル,アウトサイダー,ホームシック
デーモンダンストーキョー,いのちの食べ方,ファイトソング
楓,藍才,夢に逢えたら
バウムクーヘンエンド,白銀,feel like
心予報,群青讃歌,LEO
sister,lazy cat,インソムニア
Midnight Runway,YOKU,君に世界
ティーンエイジブルー,ラストダンス,アウトサイダー
ナンセンス文学,トーキョーゲットー,杪夏
花嵐,宵の明星,虚の記憶
逃避行,夢に逢えたら,ドラマツルギー